NUMERO NODI INTERNI, EPOCHE, MOMENTO, LEARNING RATE, ERRORE SUL TRAINING SET, ERRORE SUL VALIDATION SET, ERRORE SUL TEST SET, NUMERO PREDIZIONI CORRETTE, ACCURATEZZA, PRECISIONE, RECALL, F1 MEASURE
100.000000,150.000000,0.900000,0.002000,0.057948,0.553403,0.671675,411.000000,0.964400,0.814715,0.964400,0.813384
100.000000,150.000000,0.850000,0.002500,0.099623,0.515471,0.546683,430.000000,0.972000,0.851924,0.972000,0.849845
100.000000,150.000000,0.900000,0.002800,0.103557,0.541521,0.582214,427.000000,0.970800,0.849793,0.970800,0.845720
100.000000,150.000000,0.800000,0.002600,0.078887,0.532125,0.552162,417.000000,0.966800,0.832534,0.966800,0.825841
100.000000,150.000000,0.900000,0.002400,0.084586,0.472187,0.602384,427.000000,0.970800,0.848148,0.970800,0.843018
